0.078109,-0.38138
0.17836,-0.32591
0.46975,-0.16469
0.24105,-0.29123
0.69649,-0.039232
0.11347,-0.36182
0.61537,-0.084114
0.9737,0.11415
0.66766,-0.055186
0.06223,-0.39017
0.36926,-0.22029
0.050177,-0.39684
0.7884,0.011621
0.88949,0.067556
0.3638,-0.22331
0.47389,-0.16239
0.78711,0.010907
0.1712,-0.32988
0.52445,-0.13442
0.8468,0.043934
0.10393,-0.3671
0.3145,-0.25059
0.040107,-0.40241
0.26415,-0.27845
0.56775,-0.11047
0.49506,-0.15068
0.84426,0.042527
0.39062,-0.20847
0.44727,-0.17713
0.195,-0.3167
0.13513,-0.34983
0.38741,-0.21024
0.22617,-0.29946
0.29079,-0.26371
0.47446,-0.16208
0.2606,-0.28041
0.90871,0.078188
0.29899,-0.25917
0.72612,-0.022837
0.68177,-0.047375
0.04847,-0.39778
0.3061,-0.25524
0.771,0.0019921
0.67457,-0.051359
0.92306,0.08613
0.45526,-0.1727
0.62775,-0.077266
0.55419,-0.11797
0.31185,-0.25205
0.021296,-0.41282
0.58501,-0.10091
0.014613,-0.41651
0.46036,-0.16988
0.17702,-0.32665
0.80451,0.020536
0.22355,-0.30091
0.38671,-0.21063
0.87065,0.057132
0.23893,-0.2924
0.34297,-0.23484
0.44543,-0.17814
0.64843,-0.065822
0.10639,-0.36573
0.53915,-0.12629
0.06508,-0.38859
0.08187,-0.3793
0.62621,-0.078115
0.59129,-0.09744
0.38358,-0.21237
0.032921,-0.40638
0.79253,0.013905
0.44239,-0.17982
0.75121,-0.008955
0.26859,-0.27599
0.18118,-0.32435
0.1714,-0.32976
0.32535,-0.24458
0.51894,-0.13747
0.76527,-0.0011773
0.092338,-0.37351
0.51737,-0.13834
0.57251,-0.10783
0.26167,-0.27982
0.26037,-0.28054
0.33818,-0.23748
0.079708,-0.3805
0.85957,0.051002
0.073873,-0.38373
0.93133,0.090702
0.21999,-0.30288
0.37912,-0.21483
0.23366,-0.29532
0.84123,0.040853
0.1948,-0.31682
0.022694,-0.41204
0.4765,-0.16095
0.85772,0.049975
0.99825,0.12773
0.91583,0.082131
0.70325,-0.035493
0.30567,-0.25547
0.3879,-0.20997
0.68241,-0.047025
0.25188,-0.28524
0.83873,0.039471
0.78705,0.010877
0.22257,-0.30145
0.35609,-0.22758
0.18978,-0.31959
0.07457,-0.38334
0.76261,-0.0026495
0.26897,-0.27578
0.58623,-0.10024
0.49166,-0.15256
0.63006,-0.07599
0.18882,-0.32012
0.32116,-0.2469
0.58137,-0.10293
0.029467,-0.4083
0.066459,-0.38783
0.22161,-0.30198
0.51506,-0.13962
0.37833,-0.21527
0.27647,-0.27163
0.78824,0.011535
0.079092,-0.38084
0.95648,0.10462
0.41925,-0.19263
0.63353,-0.07407
0.42137,-0.19146
0.93764,0.094198
0.49212,-0.15231
0.20718,-0.30997
0.26912,-0.2757
0.16168,-0.33514
0.51436,-0.14001
0.41846,-0.19307
0.37231,-0.2186
0.45157,-0.17474
0.023625,-0.41153
0.1256,-0.35511
0.8403,0.040338
0.68612,-0.044971
0.535,-0.12858
0.74564,-0.012035
0.48229,-0.15775
0.58496,-0.10094
0.004859,-0.42191
0.25948,-0.28103
0.44069,-0.18077
0.63439,-0.073594
0.84483,0.042842
0.67947,-0.048651
0.070749,-0.38545
0.10656,-0.36564
0.81497,0.026324
0.89827,0.072413
0.55966,-0.11494
0.49026,-0.15334
0.01082,-0.41861
0.40578,-0.20008
0.16239,-0.33475
0.23895,-0.29239
0.28339,-0.2678
0.8946,0.07038
0.84471,0.042779
0.68841,-0.043702
0.52173,-0.13593
0.82641,0.03265
0.51569,-0.13927
0.84994,0.045674
0.014254,-0.41671
0.48158,-0.15814
0.73698,-0.016826
0.47363,-0.16254
0.48897,-0.15405
0.68832,-0.043754
0.18762,-0.32079
0.33185,-0.24099
0.27099,-0.27466
0.91848,0.083594
0.78501,0.0097475
0.77353,0.0033922
0.86918,0.056316
0.56483,-0.11208
0.48641,-0.15547
0.77201,0.0025542
0.65219,-0.063744
0.86421,0.053569
0.36064,-0.22506
0.50219,-0.14674
0.32714,-0.24359
0.6796,-0.048576
0.31643,-0.24952
0.69672,-0.039107
0.24034,-0.29162
0.18504,-0.32222
0.4055,-0.20024
0.1313,-0.35195
0.66532,-0.056479
0.53025,-0.13121
0.61439,-0.084657
0.014015,-0.41685
0.29009,-0.26409
0.71572,-0.02859
0.90447,0.075842
0.64855,-0.065759
0.54448,-0.12334
0.97413,0.11439
0.065676,-0.38826
0.41336,-0.19589
0.25841,-0.28162
0.85211,0.046874
0.58314,-0.10195
0.46477,-0.16744
0.10378,-0.36718
0.88936,0.06748
0.75497,-0.0068747
0.1037,-0.36722
0.4296,-0.1869
0.0061972,-0.42117
0.99271,0.12467
0.27265,-0.27374
0.16568,-0.33293
0.64159,-0.069608
0.97083,0.11256
0.88575,0.065483
0.5854,-0.1007
0.36885,-0.22052
0.8095,0.023298
0.80537,0.021014
0.89145,0.068637
0.0088793,-0.41969
0.18466,-0.32243
0.52253,-0.13549
0.18758,-0.32081
0.85962,0.051027
0.24811,-0.28732
0.5146,-0.13987
0.23718,-0.29337
0.034527,-0.4055
0.81264,0.025031
0.73069,-0.02031
0.24561,-0.2887
0.9249,0.087145
0.44175,-0.18018
0.35209,-0.22979
0.0026919,-0.42311
0.5631,-0.11304
0.61611,-0.083708
0.54591,-0.12255
0.47459,-0.16201
0.74205,-0.014022
0.063708,-0.38935
0.073998,-0.38366
0.61803,-0.082641
0.29027,-0.26399
0.11026,-0.36359
0.6484,-0.065839
0.81904,0.028574
0.19487,-0.31678
0.24684,-0.28802
0.89249,0.069215
0.84199,0.041271
0.45378,-0.17352
0.17903,-0.32554
0.514,-0.1402
0.93467,0.092552
0.52251,-0.13549
0.30065,-0.25825
0.73374,-0.018623
0.4169,-0.19393
0.49738,-0.1494
0.92986,0.089892
0.42367,-0.19018
0.23477,-0.2947
0.74055,-0.014855
0.18764,-0.32078
0.0090304,-0.4196
0.39122,-0.20814
0.6561,-0.061578
0.6935,-0.040885
0.97414,0.11439
0.30282,-0.25705
0.12108,-0.35761
0.17379,-0.32844
0.85258,0.047134
0.76482,-0.0014249
0.74266,-0.013685
0.7467,-0.011453
0.98639,0.12117
0.79072,0.012907
0.036838,-0.40422
0.028097,-0.40905
0.28326,-0.26787
0.15027,-0.34146
0.97474,0.11472
0.80113,0.018665
0.68187,-0.04732
0.58524,-0.10079
0.13002,-0.35266
0.057332,-0.39288
0.10661,-0.36561
0.34669,-0.23278
0.48291,-0.15741
0.41286,-0.19616
0.40588,-0.20003
0.20267,-0.31246
0.17527,-0.32762
0.37045,-0.21963
0.038203,-0.40346
0.7076,-0.033084
0.59719,-0.094174
0.73213,-0.019513
0.34896,-0.23152
0.16936,-0.33089
0.091683,-0.37387
0.62411,-0.079282
0.40136,-0.20253
0.88463,0.064866
0.3216,-0.24666
0.29715,-0.26018
0.96719,0.11055
0.23362,-0.29534
0.84685,0.043964
0.086432,-0.37678
0.55031,-0.12011
0.63902,-0.07103
0.59377,-0.096064
0.16618,-0.33265
0.050157,-0.39685
0.17836,-0.32592
0.84952,0.045439
0.41507,-0.19494
0.86483,0.053911
0.45619,-0.17219
0.036565,-0.40437
0.77131,0.0021643
0.6549,-0.062243
0.77545,0.0044576
0.5787,-0.1044
0.39908,-0.20379
0.10407,-0.36702
0.15207,-0.34046
0.71612,-0.02837
0.87385,0.058901
0.19902,-0.31448
0.52448,-0.13441
0.14606,-0.34379
0.22082,-0.30242
0.21313,-0.30667
0.86625,0.054695
0.10144,-0.36848
0.9363,0.093452
0.32022,-0.24742
0.69109,-0.042222
0.072993,-0.38421
0.89387,0.069976
0.0014497,-0.4238
0.94273,0.097014
0.63749,-0.071876
0.88809,0.066778
0.42021,-0.1921
0.4519,-0.17457
0.38502,-0.21157
0.95787,0.10539
0.94954,0.10078
0.64641,-0.066941
0.50147,-0.14714
0.31341,-0.25119
0.44289,-0.17955
0.48728,-0.15499
0.62586,-0.078314
0.26078,-0.28031
0.53038,-0.13114
0.51575,-0.13924
0.40452,-0.20078
0.5957,-0.094997
0.55614,-0.11689
0.96509,0.10938
0.96851,0.11128
0.93398,0.092173
0.43781,-0.18236
0.45769,-0.17136
0.59499,-0.09539
0.80635,0.021551
0.76377,-0.0020064
0.85306,0.0474
0.8094,0.023241
0.57265,-0.10775
0.19897,-0.31451
0.53136,-0.1306
0.46164,-0.16918
0.64782,-0.06616
0.52205,-0.13575
0.86592,0.054515
0.96515,0.10942
0.77003,0.0014569
0.99538,0.12615
0.30147,-0.2578
0.69417,-0.040516
0.27944,-0.26999
0.048271,-0.39789
0.33852,-0.2373
0.88979,0.067718
0.90939,0.078568
0.4129,-0.19614
0.36468,-0.22282
0.016837,-0.41528
0.42265,-0.19075
0.62473,-0.078935
0.13278,-0.35113
0.92229,0.085705
0.1924,-0.31814
0.84832,0.044774
0.13544,-0.34966
0.86087,0.051721
0.15899,-0.33663
0.29184,-0.26313
0.71175,-0.030788
0.18754,-0.32084
0.8295,0.034361
0.70481,-0.034631
0.66316,-0.057671
0.60857,-0.087876
0.79058,0.012826
0.32535,-0.24458
0.41474,-0.19512
0.81249,0.02495
0.58529,-0.10076
0.61597,-0.083786
0.6954,-0.039838
0.47272,-0.16304
0.57448,-0.10674
0.88545,0.065319
0.87793,0.061161
0.3837,-0.2123
0.51005,-0.14239
0.54746,-0.12169
0.53663,-0.12769
0.60152,-0.091777
0.37268,-0.2184
0.17763,-0.32632
0.76197,-0.0029995
0.015389,-0.41609
0.42458,-0.18968
0.84277,0.041703
0.97927,0.11723
0.46547,-0.16706
0.32155,-0.24669
0.049435,-0.39725
0.12101,-0.35764
0.77221,0.002665
0.06295,-0.38977
0.98566,0.12077
0.45308,-0.17391
0.76645,-0.00052464
0.69231,-0.041546
0.43065,-0.18632
0.16977,-0.33066
0.1696,-0.33076
0.16385,-0.33394
0.77666,0.0051246
0.16114,-0.33544
0.69036,-0.042625
0.6324,-0.074692
0.78461,0.0095233
0.8248,0.031762
0.02559,-0.41044
0.85327,0.047512
0.48585,-0.15578
0.84301,0.041838
0.13442,-0.35022
0.79246,0.013869
0.3289,-0.24262
0.61355,-0.085123
0.30801,-0.25418
0.20234,-0.31265
0.23882,-0.29246
0.78131,0.0076968
0.72323,-0.024434
0.056328,-0.39343
0.85408,0.04796
0.61781,-0.082765
0.56331,-0.11292
0.78071,0.0073641
0.29308,-0.26244
0.59692,-0.094322
0.51054,-0.14212
0.91582,0.082121
0.28342,-0.26779
0.92639,0.08797
0.065707,-0.38824
0.35183,-0.22993
0.42956,-0.18693
0.93639,0.093507
0.023213,-0.41176
0.23612,-0.29395
0.17763,-0.32632
0.43571,-0.18352
0.85259,0.047139
0.62927,-0.076426
0.016064,-0.41571
0.83375,0.036714
0.15979,-0.33619
0.22792,-0.29849
0.13928,-0.34754
0.90815,0.077877
0.35149,-0.23012
0.11613,-0.36035
0.30048,-0.25835
0.73545,-0.017677
0.42922,-0.18711
0.83031,0.03481
0.0074875,-0.42046
0.24268,-0.29033
0.015963,-0.41577
0.86214,0.052424
0.701,-0.036737
0.79689,0.016319
0.075745,-0.38269
0.41474,-0.19512
0.72837,-0.021592
0.24892,-0.28687
0.79892,0.017443
0.78438,0.0093996
0.30115,-0.25798
0.36812,-0.22092
0.38579,-0.21114
0.098736,-0.36997
0.3138,-0.25097
0.90292,0.074985
0.71103,-0.03119
0.53829,-0.12676
0.30263,-0.25715
0.96711,0.1105
0.20071,-0.31355
0.83442,0.037086
0.60511,-0.089794
0.20853,-0.30922
0.026184,-0.41011
0.0060565,-0.42125
0.94201,0.096615
0.30846,-0.25393
0.57762,-0.105
0.71302,-0.030085
0.30753,-0.25445
0.063024,-0.38973
0.017494,-0.41492
0.67552,-0.050837
0.84298,0.04182
0.56232,-0.11347
0.65461,-0.062405
0.4982,-0.14895
0.27312,-0.27348
0.051738,-0.39597
0.45175,-0.17465
0.99293,0.12479
0.011424,-0.41828
0.26721,-0.27675
0.41882,-0.19287
0.69139,-0.042054
0.54976,-0.12042
0.80139,0.018807
0.1687,-0.33126
0.43077,-0.18625
0.95995,0.10654
0.075191,-0.383
0.56218,-0.11355
0.19871,-0.31465
0.16089,-0.33558
0.74175,-0.014192
0.22042,-0.30264
0.47942,-0.15934
0.19828,-0.31489
0.24891,-0.28688
0.49115,-0.15285
0.87036,0.056972
0.22531,-0.29994
0.042047,-0.40134
0.52402,-0.13466
0.89852,0.072553
0.047755,-0.39818
0.64525,-0.067585
0.80929,0.023182
0.87678,0.060524
0.91966,0.084247
0.96866,0.11136
0.69474,-0.040202
0.55746,-0.11616
0.56833,-0.11014
0.92633,0.087941
0.40995,-0.19777
0.20652,-0.31033
0.79555,0.015577
0.24491,-0.28909
0.025935,-0.41025
0.17095,-0.33002
0.92346,0.086352
0.93319,0.091732
0.64213,-0.06931
0.53707,-0.12744
0.27889,-0.27029
0.56392,-0.11258
0.1114,-0.36296
0.82793,0.033494
0.095824,-0.37158
0.9042,0.075692
0.67554,-0.050824
0.35873,-0.22612
0.85967,0.051056
0.40542,-0.20028
0.42092,-0.1917
0.1935,-0.31753
0.47729,-0.16051
0.63263,-0.074566
0.21497,-0.30566
0.61087,-0.086606
0.77825,0.0060042
0.81032,0.02375
0.815,0.026341
0.25493,-0.28355
0.71366,-0.029729
0.1184,-0.35909
0.32231,-0.24626
0.5055,-0.14491
0.97426,0.11446
0.63925,-0.070902
0.10707,-0.36536
0.23254,-0.29594
0.54663,-0.12215
0.49433,-0.15109
0.82547,0.03213
0.64057,-0.070174
0.92961,0.089754
0.72453,-0.023717
0.1403,-0.34697
0.31708,-0.24916
0.69971,-0.037451
0.33378,-0.23992
0.80522,0.020927
0.07071,-0.38548
0.49198,-0.15239
0.40355,-0.20131
0.44474,-0.17853
0.9334,0.091851
0.62901,-0.07657
0.12142,-0.35742
0.17156,-0.32968
0.45347,-0.17369
0.81929,0.028711
0.17492,-0.32782
0.64978,-0.065077
0.42225,-0.19097
0.88859,0.067056
0.21332,-0.30657
0.17905,-0.32553
0.25974,-0.28088
0.97203,0.11322
0.44801,-0.17671
0.68324,-0.046566
0.96389,0.10872
0.53185,-0.13033
0.15307,-0.33991
0.63964,-0.070688
0.25693,-0.28244
0.5749,-0.10651
0.2292,-0.29778
0.51784,-0.13808
0.67777,-0.049591
0.76603,-0.00075688
0.26825,-0.27618
0.29844,-0.25947
0.4779,-0.16018
0.82277,0.030639
0.0026416,-0.42314
0.42235,-0.19091
0.069964,-0.38589
0.30944,-0.25339
0.47764,-0.16032
0.42734,-0.18815
0.019603,-0.41375
0.61762,-0.082872
0.040456,-0.40222
0.29742,-0.26004
0.89788,0.072196
0.30594,-0.25533
0.89854,0.072565
0.8268,0.032866
0.1656,-0.33297
0.98549,0.12067
0.4357,-0.18353
0.12334,-0.35636
0.98806,0.12209
0.12689,-0.35439
0.96308,0.10827
0.81847,0.028261
0.21008,-0.30836
0.031368,-0.40724
0.013413,-0.41718
0.085744,-0.37716
0.062068,-0.39026
0.87293,0.058392
0.059984,-0.39141
0.65092,-0.064446
0.15216,-0.34041
0.47381,-0.16244
0.16721,-0.33208
0.27064,-0.27485
0.21922,-0.30331
0.78294,0.0086005
0.87804,0.061219
0.67495,-0.051152
0.0033631,-0.42274
0.65157,-0.064085
0.96192,0.10763
0.12447,-0.35573
0.21003,-0.30839
0.53483,-0.12868
0.39138,-0.20805
0.48032,-0.15884
0.58301,-0.10202
0.67823,-0.049334
0.7306,-0.020358
0.70196,-0.036207
0.12026,-0.35806
0.86588,0.05449
0.61957,-0.081793
0.29184,-0.26313
0.090724,-0.3744
0.52051,-0.1366
0.094672,-0.37222
0.1295,-0.35295
0.67377,-0.051803
0.4152,-0.19487
0.65318,-0.063196
0.80326,0.019844
0.53874,-0.12651
0.22676,-0.29914
0.063033,-0.38972
0.08218,-0.37913
0.43265,-0.18521
0.197,-0.3156
0.28671,-0.26596
0.70404,-0.035055
0.34385,-0.23435
0.23321,-0.29556
0.83159,0.035521
0.82245,0.030464
0.66486,-0.056734
0.72585,-0.022989
0.69505,-0.04003
0.66224,-0.058182
0.68098,-0.047816
0.16817,-0.33155
0.31319,-0.25131
0.47384,-0.16242
0.39346,-0.2069
0.10501,-0.3665
0.14528,-0.34422
0.50197,-0.14686
0.84193,0.041239
0.54748,-0.12168
0.1768,-0.32678
0.46289,-0.16848
0.40655,-0.19965
0.53068,-0.13098
0.26876,-0.27589
0.98514,0.12048
0.14922,-0.34204
0.042312,-0.40119
0.85207,0.046851
0.65661,-0.061298
0.5862,-0.10025
0.63622,-0.072577
0.42792,-0.18783
0.77875,0.0062796
0.4095,-0.19802
0.93435,0.092378
0.88395,0.064491
0.53175,-0.13038
0.51072,-0.14202
0.56166,-0.11383
0.10598,-0.36596
0.69636,-0.039302
0.33326,-0.24021
0.80693,0.021873
0.028057,-0.40908
0.33673,-0.23829
0.737,-0.016818
0.24687,-0.28801
0.061224,-0.39072
0.6128,-0.085536
0.48555,-0.15595
0.064958,-0.38866
0.70506,-0.034488
0.17427,-0.32818
0.23343,-0.29545
0.21663,-0.30474
0.36306,-0.22372
0.42149,-0.19139
0.14446,-0.34467
0.13283,-0.35111
0.16615,-0.33267
0.63476,-0.073387
0.77994,0.0069416
0.46942,-0.16487
0.31595,-0.24979
0.83571,0.0378
0.15351,-0.33966
0.51513,-0.13958
0.13443,-0.35022
0.66274,-0.057908
0.12032,-0.35803
0.24731,-0.28777
0.10974,-0.36388
0.78107,0.0075685
0.32062,-0.2472
0.85104,0.046279
0.98901,0.12262
0.11588,-0.36048
0.36172,-0.22446
0.47617,-0.16113
0.88554,0.065369
0.47548,-0.16152
0.76054,-0.0037943
0.33551,-0.23896
0.37947,-0.21464
0.79773,0.016785
0.18216,-0.32381
0.85132,0.046438
0.64965,-0.06515
0.49848,-0.14879
0.86519,0.054109
0.045714,-0.39931
0.15603,-0.33827
0.062207,-0.39018
0.091054,-0.37422
0.66016,-0.059332
0.058174,-0.39241
0.14567,-0.344
0.68598,-0.045049
0.62478,-0.078909
0.38193,-0.21328
0.98578,0.12083
0.25589,-0.28302
0.1026,-0.36783
0.031759,-0.40703
0.14922,-0.34204
0.89327,0.069648
0.61159,-0.086208
0.51181,-0.14141
0.0040593,-0.42235
0.43442,-0.18424
0.14251,-0.34575
0.12442,-0.35576
0.17263,-0.32909
0.39438,-0.20639
0.89298,0.069486
0.31556,-0.25
0.54849,-0.12112
0.95665,0.10471
0.35098,-0.2304
0.097658,-0.37057
0.79653,0.016119
0.34839,-0.23184
0.41543,-0.19474
0.15898,-0.33663
0.82266,0.030576
0.094513,-0.37231
0.43073,-0.18628
0.43251,-0.18529
0.13689,-0.34886
0.42527,-0.1893
0.34806,-0.23202
0.71559,-0.028665
0.8012,0.018702
0.50608,-0.14459
0.7363,-0.017203
0.27311,-0.27349
0.23151,-0.29651
0.53518,-0.12849
0.063027,-0.38973
0.49799,-0.14906
0.73122,-0.020015
0.74609,-0.011787
0.1191,-0.3587
0.70518,-0.034422
0.2482,-0.28727
0.20158,-0.31306
0.67517,-0.05103
0.97964,0.11744
0.87629,0.060249
0.90235,0.074668
0.23578,-0.29415
0.37156,-0.21902
0.96905,0.11157
0.29503,-0.26136
0.35199,-0.22984
0.74296,-0.013523
0.33369,-0.23997
0.29792,-0.25976
0.02203,-0.41241
0.75108,-0.0090247
0.33057,-0.2417
0.62221,-0.080331
0.59251,-0.096763
0.20038,-0.31373
0.59404,-0.095919
0.90629,0.076852
0.33078,-0.24158
0.99892,0.1281
0.070555,-0.38556
0.13355,-0.35071
0.33827,-0.23744
0.15019,-0.3415
0.99137,0.12392
0.75927,-0.0044956
0.16373,-0.33401
0.74378,-0.013068
0.25561,-0.28317
0.25605,-0.28293
0.45006,-0.17558
0.89719,0.071815
0.3138,-0.25098
0.021585,-0.41266
0.58406,-0.10144
0.17779,-0.32623
0.8676,0.055444
0.31054,-0.25278
0.0082949,-0.42001
0.70275,-0.035768
0.63628,-0.072544
0.5981,-0.093669
0.56053,-0.11446
0.15699,-0.33774
0.19171,-0.31853
0.90696,0.077221
0.1785,-0.32584
0.98253,0.11903
0.96725,0.11058
0.76569,-0.0009464
0.43552,-0.18362
0.68751,-0.0442
0.093127,-0.37307
0.52586,-0.13364
0.38844,-0.20967
0.74704,-0.011261
0.65941,-0.05975
0.86939,0.056436
0.13203,-0.35155
0.23063,-0.29699
0.29316,-0.26239
0.43617,-0.18326
0.20886,-0.30904
0.86501,0.054011
0.20484,-0.31126
0.43389,-0.18453
0.63008,-0.075976
0.46668,-0.16639
0.32639,-0.24401
0.91237,0.080217
0.28521,-0.2668
0.74746,-0.01103
0.62083,-0.081093
0.68805,-0.043905
0.61585,-0.083849
0.81706,0.02748
0.84845,0.044847
0.42554,-0.18915
0.43504,-0.18389
0.46596,-0.16679
0.32595,-0.24425
0.12274,-0.35669
0.77327,0.0032519
0.05489,-0.39423
0.51447,-0.13994
0.80699,0.021907
0.6274,-0.077457
0.038477,-0.40331
0.32304,-0.24586
0.79099,0.013054
0.067494,-0.38726
0.73642,-0.017137
0.72773,-0.021946
0.40273,-0.20177
0.15258,-0.34018
0.50441,-0.14551
0.11095,-0.36321
0.35017,-0.23085
0.61098,-0.086547
0.30983,-0.25317
0.87518,0.059639
0.61517,-0.084225
0.55576,-0.1171
0.55938,-0.1151
0.083462,-0.37842
0.64834,-0.065871
0.30964,-0.25328
0.26591,-0.27747
0.39062,-0.20847
0.2579,-0.2819
0.46298,-0.16844
0.71241,-0.030422
0.93802,0.094405
0.67867,-0.049093
0.12722,-0.35421
0.10211,-0.3681
0.68835,-0.043735
0.96038,0.10678
0.21861,-0.30364
0.76709,-0.00016825
0.55559,-0.11719
0.84984,0.045617
0.90084,0.073832
0.056302,-0.39345
0.69707,-0.03891
0.74874,-0.010321
0.93438,0.092392
0.96373,0.10863
0.093155,-0.37306
0.57103,-0.10865
0.91013,0.078976
0.81428,0.02594
0.25842,-0.28162
0.58132,-0.10296
0.94993,0.101
0.37505,-0.21708
0.03845,-0.40333
0.90807,0.077836
0.13433,-0.35028
0.63945,-0.07079
0.1914,-0.3187
0.54283,-0.12425
0.15989,-0.33613
0.80192,0.019104
0.43683,-0.1829
0.25617,-0.28286
0.43898,-0.18171
0.78249,0.0083533
0.3473,-0.23244
0.67824,-0.049328
0.13186,-0.35164
0.65657,-0.061322
0.31474,-0.25046
0.044137,-0.40018
0.30177,-0.25763
0.43736,-0.18261
0.61703,-0.083199
0.13771,-0.34841
0.092073,-0.37366
0.017666,-0.41483
0.8361,0.038013
0.93574,0.093144
0.32967,-0.24219
0.13072,-0.35227
0.60004,-0.092598
0.48711,-0.15508
0.28928,-0.26454
0.41509,-0.19493
0.77088,0.0019281
0.62376,-0.079476
0.83494,0.037374
0.1928,-0.31793
0.30942,-0.2534
0.13334,-0.35082
0.50424,-0.1456
0.47211,-0.16338
0.28115,-0.26904
0.04788,-0.39811
0.68129,-0.047645
0.70812,-0.032796
0.46091,-0.16958
0.85762,0.049922
0.54651,-0.12222
0.20319,-0.31217
0.40409,-0.20102
0.87036,0.056968
0.1092,-0.36418
0.76445,-0.0016317
0.18431,-0.32262
0.71546,-0.028738
0.024481,-0.41105
0.19134,-0.31873
0.85534,0.048658
0.24005,-0.29178
0.22887,-0.29797
0.8427,0.041668
0.53263,-0.1299
0.51085,-0.14195
0.548,-0.12139
0.39318,-0.20705
0.44247,-0.17978
0.29463,-0.26158
0.67429,-0.051514
0.013643,-0.41705
0.55537,-0.11731
0.24935,-0.28663
0.98003,0.11765
0.41291,-0.19614
0.0698,-0.38598
0.040779,-0.40204
0.36596,-0.22211
0.33074,-0.2416
0.71132,-0.031028
0.59404,-0.095917
0.55004,-0.12026
0.19861,-0.31471
0.48998,-0.1535
0.86886,0.056139
0.66365,-0.057405
0.45232,-0.17433
0.36273,-0.2239
0.84779,0.044482
0.16962,-0.33075
0.61876,-0.082239
0.75019,-0.0095199
0.035947,-0.40471
0.21952,-0.30314
0.61675,-0.083351
0.54385,-0.12369
0.34723,-0.23248
0.55162,-0.11939
0.12457,-0.35567
0.6387,-0.07121
0.89222,0.069068
0.27087,-0.27473
0.84189,0.041217
0.37418,-0.21757
0.33881,-0.23714
0.63344,-0.074119
0.21783,-0.30407
0.84718,0.044147
0.12197,-0.35711
0.094275,-0.37244
0.71409,-0.029496
0.46822,-0.16553
0.016714,-0.41535
0.75057,-0.0093096
0.25082,-0.28582
0.17258,-0.32911
0.82633,0.03261
0.84785,0.044515
0.38934,-0.20918
0.22229,-0.30161
0.017879,-0.41471
0.65968,-0.059597
0.41771,-0.19348
0.75625,-0.0061648
0.51727,-0.1384
0.16318,-0.33431
0.60102,-0.092057
0.3416,-0.23559
0.52564,-0.13376
0.93685,0.093761
0.13173,-0.35172
0.51339,-0.14054
0.78453,0.0094804
0.14431,-0.34475
0.50488,-0.14525
0.50829,-0.14336
0.81392,0.025742
0.34842,-0.23182
0.43484,-0.184
0.6434,-0.068605
0.61917,-0.082011
0.44318,-0.17939
0.74277,-0.013627
0.63529,-0.073093
0.26837,-0.27611
0.74071,-0.014766
0.42394,-0.19003
0.84035,0.040364
0.29645,-0.26057
0.44559,-0.17805
0.66926,-0.054301
0.94999,0.10103
0.41933,-0.19259
0.58585,-0.10045
0.33056,-0.2417
0.598,-0.093726
0.025063,-0.41073
0.33163,-0.24111
0.7775,0.0055923
0.66461,-0.056869
0.69824,-0.038265
0.77548,0.0044748
0.23554,-0.29427
0.6214,-0.080777
0.34557,-0.2334
0.49122,-0.15281
0.86439,0.053669
0.6207,-0.081166
0.77164,0.0023499
0.96889,0.11149
0.68401,-0.04614
0.061987,-0.3903
0.5137,-0.14037
0.44569,-0.178
0.91924,0.084017
0.042953,-0.40083
0.10754,-0.3651
0.52957,-0.13159
0.7541,-0.0073565
0.38556,-0.21127
0.10851,-0.36456
0.45099,-0.17507
0.26686,-0.27694
0.020859,-0.41306
0.64153,-0.069642
0.12737,-0.35413
0.25848,-0.28158
0.22981,-0.29745
0.88952,0.067569
0.87193,0.057837
0.713,-0.030096
0.013825,-0.41695
0.77334,0.0032866
0.021865,-0.4125
0.57709,-0.1053
0.44455,-0.17863
0.70354,-0.035332
0.0093006,-0.41945
0.12565,-0.35508
0.50421,-0.14562
0.56169,-0.11382
0.92623,0.087881
0.94614,0.098898
0.57221,-0.10799
0.8861,0.065676
0.61937,-0.081905
0.21893,-0.30346
0.75571,-0.006467
0.03657,-0.40437
0.33108,-0.24141
0.69465,-0.040247
0.19919,-0.31439
0.36813,-0.22091
0.77586,0.0046828
0.66891,-0.054489
0.80207,0.019184
0.72346,-0.02431
0.82688,0.032911
0.086406,-0.37679
0.41247,-0.19638
0.31117,-0.25243
0.66282,-0.057863
0.77371,0.0034916
0.032717,-0.4065
0.12258,-0.35678
0.57367,-0.10719
0.095275,-0.37188
0.12111,-0.35759
0.69303,-0.041149
0.56026,-0.11461
0.31687,-0.24928
0.94157,0.096371
0.92282,0.085997
0.43549,-0.18364
0.30376,-0.25653
0.49123,-0.1528
0.41016,-0.19766
0.25172,-0.28532
0.68443,-0.045903
0.82073,0.02951
0.6533,-0.063129
0.1879,-0.32063
0.81241,0.024905
0.70679,-0.033535
0.050491,-0.39666
0.50329,-0.14613
0.5594,-0.11508
0.49924,-0.14837
0.58079,-0.10325
0.51126,-0.14172
0.8211,0.029713
0.60367,-0.090588
0.0043049,-0.42222
0.72366,-0.024199
0.67684,-0.050104
0.84423,0.042512
0.019348,-0.41389
0.23421,-0.29501
0.94952,0.10077
0.22922,-0.29778
0.39587,-0.20556
0.65173,-0.063998
0.44455,-0.17863
0.51076,-0.14199
0.85502,0.048484
0.037496,-0.40385
0.027009,-0.40966
0.074981,-0.38311
0.64132,-0.069757
0.64727,-0.066466
0.47842,-0.15989
0.98836,0.12226
0.029579,-0.40823
0.46824,-0.16552
0.47515,-0.1617
0.55145,-0.11948
0.47629,-0.16107
0.10929,-0.36413
0.13798,-0.34826
0.53226,-0.1301
0.067699,-0.38714
0.31994,-0.24758
0.84708,0.044091
0.70884,-0.032399
0.716,-0.028438
0.79286,0.014087
0.83326,0.036443
0.75009,-0.0095739
0.1931,-0.31776
0.11807,-0.35927
0.54879,-0.12096
0.58535,-0.10072
0.81827,0.028148
0.30236,-0.25731
0.064089,-0.38914
0.93818,0.094498
0.20877,-0.30909
0.78427,0.0093363
0.6723,-0.052615
0.42373,-0.19015
0.33879,-0.23715
0.15939,-0.33641
0.6867,-0.044649
0.79663,0.016176
0.17327,-0.32873
0.095057,-0.37201
0.71711,-0.027822
0.21757,-0.30422
0.1838,-0.3229
0.46332,-0.16824
0.37071,-0.21949
0.85293,0.047325
0.38648,-0.21076
0.59343,-0.096256
0.76884,0.00079818
0.4257,-0.18906
0.56964,-0.10942
0.16455,-0.33356
0.58833,-0.099078
0.95595,0.10433
0.8622,0.052457
0.8815,0.063136
0.84232,0.041458
0.92101,0.084996
0.68106,-0.047772
0.91585,0.082138
0.18665,-0.32133
0.38855,-0.20962
0.21447,-0.30593
0.0087495,-0.41976
0.33398,-0.23981
0.99416,0.12547
0.77134,0.0021847
0.81362,0.025575
0.26754,-0.27657
0.7154,-0.028769
0.68249,-0.046976
0.99531,0.1261
0.9302,0.090082
0.032544,-0.40659
0.98078,0.11806
0.96926,0.11169
0.86591,0.05451
0.072337,-0.38458
0.66051,-0.059141
0.51162,-0.14152
0.6232,-0.079783
0.049478,-0.39722
0.35105,-0.23036
0.73805,-0.016237
0.8718,0.057769
0.24905,-0.2868
0.066782,-0.38765
0.76179,-0.0030993
0.21308,-0.30671
0.023452,-0.41162
0.77036,0.0016399
0.25315,-0.28453
0.65147,-0.06414
0.90534,0.076327
0.0049929,-0.42184
0.24173,-0.29085
0.6476,-0.066281
0.7163,-0.028272
0.56194,-0.11368
0.51948,-0.13717
0.36285,-0.22384
0.42807,-0.18775
0.92951,0.089697
0.30993,-0.25311
0.70053,-0.036995
0.31594,-0.24979
0.86106,0.051826
0.33146,-0.2412
0.35971,-0.22558
0.39511,-0.20599
0.35709,-0.22702
0.19142,-0.31869
0.43359,-0.1847
0.061518,-0.39056
0.42286,-0.19063
0.10634,-0.36576
0.43859,-0.18193
0.014416,-0.41662
0.5538,-0.11818
0.32336,-0.24568
0.86574,0.054411
0.77957,0.0067334
0.81059,0.0239
0.77277,0.0029756
0.38066,-0.21398
0.2223,-0.3016
0.27245,-0.27385
0.22343,-0.30097
0.19255,-0.31806
0.038355,-0.40338
0.11294,-0.36211
0.070308,-0.3857
0.14127,-0.34644
0.17358,-0.32856
0.87905,0.061776
0.21833,-0.3038
0.21898,-0.30344
0.62001,-0.081549
0.35801,-0.22652
0.60124,-0.091931
0.31496,-0.25033
0.77698,0.0053053
0.87599,0.060086
0.65276,-0.063426
0.13873,-0.34784
0.13169,-0.35174
0.98963,0.12296
0.14596,-0.34384
0.79109,0.013113
0.23588,-0.29409
0.31032,-0.2529
0.26499,-0.27798
0.28281,-0.26812
0.56108,-0.11415
0.59086,-0.097677
0.67086,-0.053412
0.35956,-0.22566
0.84495,0.042909
0.054681,-0.39434
0.49322,-0.1517
0.43113,-0.18606
0.033872,-0.40586
0.70469,-0.034694
0.16385,-0.33394
0.63699,-0.072151
0.84496,0.042916
0.1052,-0.36639
0.073589,-0.38388
0.72487,-0.023531
0.18152,-0.32417
0.57135,-0.10847
0.11165,-0.36282
0.25148,-0.28546
0.20783,-0.30961
0.47122,-0.16387
0.26415,-0.27845
0.36322,-0.22363
0.96275,0.10809
0.92237,0.085747
0.60519,-0.08975
0.97636,0.11562
0.94607,0.098863
0.088036,-0.37589
0.62463,-0.078991
0.60281,-0.091066
0.78329,0.0087932
0.88259,0.063738
0.38863,-0.20957
0.017917,-0.41469
0.34918,-0.2314
0.66154,-0.058569
0.13671,-0.34896
0.96047,0.10683
0.66035,-0.05923
0.40734,-0.19922
0.55052,-0.12
0.95366,0.10306
0.079259,-0.38075
0.22769,-0.29862
0.081448,-0.37953
0.25578,-0.28308
0.83517,0.037497
0.76894,0.00085239
0.48585,-0.15578
0.01102,-0.4185
0.94237,0.096814
0.50092,-0.14744
0.92103,0.085004
0.27845,-0.27053
0.5715,-0.10839
0.36566,-0.22228
0.14964,-0.34181
0.16189,-0.33502
0.32793,-0.24316
0.6766,-0.050238
0.11724,-0.35973
0.11182,-0.36273
0.43375,-0.18461
0.52259,-0.13545
0.64623,-0.067043
0.38502,-0.21157
0.50787,-0.1436
0.3485,-0.23178
0.37773,-0.2156
0.38782,-0.21002
0.24894,-0.28686
0.31656,-0.24945
0.05227,-0.39568
0.64828,-0.065909
0.09769,-0.37055
0.31322,-0.2513
0.51645,-0.13885
0.80815,0.022551
0.42233,-0.19092
0.24961,-0.28649
0.028843,-0.40864
0.23422,-0.295
0.69036,-0.042624
0.77543,0.0044447
0.25469,-0.28368
0.19898,-0.3145
0.63018,-0.075922
0.17157,-0.32967
0.017202,-0.41508
0.3772,-0.21589
0.30026,-0.25847
0.29889,-0.25922
0.28141,-0.26889
0.70356,-0.035318
0.80123,0.018718
0.040943,-0.40195
0.010284,-0.41891
0.75164,-0.0087187
0.67651,-0.050284
0.1148,-0.36108
0.94467,0.098085
0.77345,0.0033502
0.94926,0.10063
0.81224,0.024811
0.44176,-0.18017
0.42095,-0.19169
0.25842,-0.28162
0.9254,0.087426
0.64706,-0.066583
0.38729,-0.21031
0.5446,-0.12327
0.8315,0.035469
0.95814,0.10554
0.91493,0.081631
0.49326,-0.15168
0.54468,-0.12323
0.33604,-0.23867
0.22983,-0.29744
0.071589,-0.38499
0.34448,-0.234
0.90337,0.075236
0.19267,-0.31799
0.73974,-0.015303
0.9673,0.11061
0.98883,0.12252
0.86957,0.056531
0.73551,-0.017644
0.99778,0.12747
0.48986,-0.15356
0.67916,-0.048822
0.25466,-0.2837
0.8483,0.044763
0.9485,0.1002
0.78536,0.0099412
0.45223,-0.17438
0.51057,-0.1421
0.2582,-0.28174
0.69037,-0.042621
0.71734,-0.027695
0.37856,-0.21514
0.6275,-0.077403
0.71484,-0.029077
0.64222,-0.06926
0.1646,-0.33353
0.43352,-0.18473
0.6951,-0.039999
0.93608,0.093335
0.22002,-0.30286
0.23111,-0.29673
0.5107,-0.14203
0.74433,-0.012763
0.52218,-0.13568
0.32055,-0.24724
0.51914,-0.13736
0.4847,-0.15642
0.96216,0.10776
0.95687,0.10484
0.2727,-0.27372
0.47846,-0.15987
0.50575,-0.14477
0.47635,-0.16103
0.099642,-0.36947
0.39924,-0.2037
0.32087,-0.24706
0.435,-0.18391
0.035679,-0.40486
0.56347,-0.11283
0.26791,-0.27637
0.057721,-0.39266
0.14519,-0.34427
0.12657,-0.35457
0.84736,0.044244
0.55219,-0.11907
0.19268,-0.31799
0.41841,-0.19309
0.93874,0.094802
0.2405,-0.29153
0.89465,0.070408
0.59714,-0.094202
0.89099,0.068384
0.23088,-0.29686
0.0069633,-0.42075
0.69249,-0.041446
0.70944,-0.032068
0.50689,-0.14414
0.65029,-0.064797
0.93359,0.091956
0.78752,0.011136
0.068614,-0.38664
0.098931,-0.36986
0.42691,-0.18839
0.59909,-0.093123
0.52648,-0.1333
0.87955,0.062057
0.14292,-0.34552
0.65102,-0.064391
0.3329,-0.24041
0.46748,-0.16594
0.83468,0.037231
0.79118,0.013162
0.27576,-0.27202
0.90675,0.077105
0.42333,-0.19037
0.59978,-0.09274
0.91654,0.08252
0.54033,-0.12563
0.14583,-0.34391
0.4954,-0.1505
0.23285,-0.29576
0.41616,-0.19434
0.71397,-0.029559
0.9205,0.084715
0.67836,-0.049261
0.53939,-0.12616
0.33619,-0.23859
0.7953,0.01544
0.45716,-0.17165
0.5622,-0.11353
0.8171,0.027499
0.0044771,-0.42212
0.82021,0.029223
0.77554,0.0045066
0.85644,0.049267
0.48085,-0.15855
0.77866,0.0062336
0.40704,-0.19939
0.11984,-0.35829
0.53704,-0.12745
0.34533,-0.23353
0.23735,-0.29328
0.69913,-0.037773
0.30938,-0.25342
0.91706,0.082812
0.90068,0.073744
0.24108,-0.29121
0.22787,-0.29852
0.020122,-0.41347
0.14566,-0.34401
0.16837,-0.33144
0.58573,-0.10051
0.12589,-0.35495
0.14633,-0.34363
0.587,-0.099812
0.9762,0.11553
0.31858,-0.24833
0.74196,-0.014073
0.41478,-0.1951
0.41614,-0.19435
0.6591,-0.059919
0.091779,-0.37382
0.25376,-0.28419
0.57657,-0.10558
0.0062187,-0.42116
0.30948,-0.25336
0.6018,-0.091622
0.093908,-0.37264
0.64392,-0.068319
0.35305,-0.22926
0.45559,-0.17252
0.6761,-0.050515
0.21316,-0.30666
0.92544,0.087444
0.24572,-0.28864
0.85387,0.047847
0.099425,-0.36959
0.14061,-0.3468
0.089457,-0.3751
0.14334,-0.34529
0.10716,-0.36531
0.87087,0.057251
0.1894,-0.3198
0.48768,-0.15476
0.19058,-0.31915
0.50823,-0.1434
0.85659,0.04935
0.3817,-0.2134
0.24992,-0.28632
0.39385,-0.20668
0.95439,0.10346
0.83906,0.039654
0.47393,-0.16237
0.58819,-0.099155
0.3598,-0.22552
0.36332,-0.22358
0.11555,-0.36067
0.2913,-0.26342
0.42938,-0.18702
0.56775,-0.11047
0.77157,0.0023082
0.050443,-0.39669
0.0077306,-0.42032
0.15324,-0.33981
0.44212,-0.17997
0.047202,-0.39848
0.92262,0.085886
0.2387,-0.29253
0.18273,-0.32349
0.32717,-0.24358
0.47258,-0.16312
0.066525,-0.38779
0.17259,-0.32911
0.095561,-0.37173
0.88811,0.066789
0.77288,0.0030345
0.56401,-0.11253
0.93576,0.093159
0.43439,-0.18425
0.59177,-0.097174
0.57248,-0.10785
0.57789,-0.10486
0.0099496,-0.41909
0.39054,-0.20851
0.8634,0.053121
0.6664,-0.055882
0.40323,-0.2015
0.3649,-0.2227
0.64721,-0.066501
0.039207,-0.40291
0.15645,-0.33804
0.91653,0.082518
0.91211,0.08007
0.027295,-0.4095
0.72226,-0.024972
0.22386,-0.30074
0.018272,-0.41449
0.44019,-0.18105
0.2066,-0.31029
0.72079,-0.025785
0.72407,-0.02397
0.091317,-0.37407
0.63047,-0.075763
0.44316,-0.1794
0.84136,0.040922
0.34418,-0.23417
0.23413,-0.29506
0.094019,-0.37258
0.34775,-0.23219
0.46291,-0.16847
0.53837,-0.12672
0.75588,-0.0063734
0.38395,-0.21216
0.66058,-0.059101
0.78503,0.0097563
0.57589,-0.10596
0.2854,-0.26669
0.94459,0.098042
0.68966,-0.043011
0.44767,-0.1769
0.69905,-0.037815
0.25544,-0.28327
0.13616,-0.34926
0.40779,-0.19897
0.31898,-0.24811
0.75766,-0.0053868
0.78609,0.010346
0.74772,-0.010888
0.72922,-0.02112
0.75707,-0.005714
0.1377,-0.34841
0.077775,-0.38157
0.47953,-0.15927
0.070467,-0.38561
0.24582,-0.28859
0.20684,-0.31015
0.79362,0.01451
0.052952,-0.3953
0.7825,0.0083561
0.86318,0.052995
0.34243,-0.23513
0.41745,-0.19363
0.052587,-0.3955
0.51825,-0.13785
0.36257,-0.22399
0.11311,-0.36202
0.22679,-0.29912
0.065118,-0.38857
0.70252,-0.035897
0.85366,0.047731
0.23927,-0.29221
0.99736,0.12724
0.5137,-0.14037
0.36789,-0.22104
0.23775,-0.29305
0.079343,-0.3807
0.87823,0.061325
0.14156,-0.34628
0.22668,-0.29918
0.59153,-0.097304
0.92781,0.088756
0.31212,-0.2519
0.21972,-0.30303
0.51062,-0.14208
0.89685,0.071629
0.79381,0.014616
0.45645,-0.17205
0.13608,-0.34931
0.067982,-0.38699
0.1202,-0.35809
0.1163,-0.36025
0.652,-0.06385
0.68062,-0.048013
0.61918,-0.082009
0.46042,-0.16985
0.53673,-0.12763
0.91447,0.081376
0.027718,-0.40926
0.61265,-0.08562
0.67278,-0.05235
0.9867,0.12134
0.13442,-0.35022
0.68292,-0.046739
0.46652,-0.16648
0.40864,-0.1985
0.18108,-0.32441
0.51473,-0.1398
0.77706,0.0053447
0.94987,0.10096
0.009982,-0.41908
0.97705,0.116
0.48738,-0.15493
0.054037,-0.3947
0.61464,-0.084519
0.91709,0.082827
0.27721,-0.27122
0.746,-0.011839
0.71983,-0.026318
0.32736,-0.24347
0.18252,-0.32361
0.91883,0.08379
0.39095,-0.20829
0.37632,-0.21638
0.55388,-0.11814
0.45178,-0.17463
0.44986,-0.17569
0.20577,-0.31075
0.59435,-0.095747
0.73446,-0.018221
0.37729,-0.21585
0.87714,0.060721
0.51159,-0.14154
0.06508,-0.38859
0.23246,-0.29598
0.084715,-0.37773
0.87627,0.060238
0.51411,-0.14014
0.58161,-0.10279
0.34501,-0.23371
0.052955,-0.3953
0.90113,0.073997
0.10252,-0.36787
0.17534,-0.32758
0.6339,-0.073864
0.063365,-0.38954
0.010458,-0.41881
0.36336,-0.22355
0.67885,-0.048992
0.43928,-0.18155
0.087672,-0.37609
0.24705,-0.28791
0.41367,-0.19572
0.044972,-0.39972
0.31202,-0.25196
0.74899,-0.010183
0.26134,-0.28
0.25228,-0.28501
0.66765,-0.055188
0.81797,0.027983
0.27278,-0.27367
0.64096,-0.069959
0.93629,0.093447
0.274,-0.27299
0.071308,-0.38515
0.31454,-0.25056
0.53474,-0.12873
0.33856,-0.23727
0.77386,0.0035757
0.262,-0.27963
0.76875,0.00074767
0.69329,-0.041004
0.59259,-0.096719
0.94481,0.098161
0.33676,-0.23827
0.44102,-0.18058
0.71707,-0.027844
0.4318,-0.18568
0.27539,-0.27223
0.26198,-0.27964
0.053022,-0.39526
0.10219,-0.36806
0.71778,-0.027452
0.85683,0.049482
0.94926,0.10062
0.54337,-0.12396
0.14035,-0.34694
0.57285,-0.10764
0.026094,-0.41016
0.74671,-0.011447
0.30921,-0.25351
0.10694,-0.36543
0.70105,-0.036708
0.805,0.020809
0.79998,0.018029
0.86401,0.053457
0.23949,-0.29209
0.37487,-0.21718
0.15661,-0.33795
0.76705,-0.00019053
0.028567,-0.40879
0.099959,-0.36929
0.69025,-0.042683
0.95209,0.10219
0.2087,-0.30913
0.15266,-0.34014
0.61577,-0.083895
0.91557,0.081986
0.71623,-0.028312
0.66367,-0.057393
0.21421,-0.30608
0.38924,-0.20923
0.95799,0.10545
0.60461,-0.090071
0.27659,-0.27156
0.39495,-0.20607
0.87923,0.061876
0.97193,0.11317
0.48223,-0.15778
0.73578,-0.017492
0.93581,0.093182
0.60144,-0.091825
0.81259,0.025004
0.37333,-0.21804
0.80314,0.019777
0.11443,-0.36128
0.57969,-0.10386
0.91556,0.081981
0.89362,0.069842
0.42183,-0.1912
0.77742,0.0055485
0.63672,-0.072305
0.82737,0.033185
0.069611,-0.38608
0.73123,-0.020013
0.93825,0.094532
0.018791,-0.4142
0.70422,-0.034956
0.99989,0.12864
0.12631,-0.35471
0.6068,-0.088858
0.76041,-0.0038667
0.57179,-0.10823
0.35207,-0.2298
0.43871,-0.18186
0.36129,-0.2247
0.81243,0.024917
0.70955,-0.032006
0.86959,0.056542
0.65655,-0.061331
0.20784,-0.3096
0.54366,-0.1238
0.11245,-0.36238
0.37473,-0.21726
0.20376,-0.31186
0.64315,-0.068746
0.29254,-0.26274
0.50253,-0.14655
0.86977,0.056644
0.80267,0.019519
0.89588,0.07109
0.59425,-0.095799
0.30648,-0.25502
0.722,-0.02512
0.64129,-0.069773
0.35819,-0.22641
0.42142,-0.19143
0.18613,-0.32162
0.6809,-0.047859
0.98013,0.11771
0.01938,-0.41388
0.17066,-0.33017
0.22315,-0.30113
0.78176,0.0079475
0.53891,-0.12642
0.89237,0.069146
0.92182,0.085446
0.37042,-0.21965
0.12141,-0.35743
0.0036335,-0.42259
0.68919,-0.043269
0.36945,-0.22018
0.33305,-0.24032
0.44454,-0.17863
0.81778,0.02788
0.80226,0.019289
0.24636,-0.28829
0.72383,-0.024106
0.13864,-0.34789
0.85618,0.049123
0.22128,-0.30217
0.98249,0.11901
0.54634,-0.12231
0.43502,-0.1839
0.97738,0.11619
0.67924,-0.048776
0.37623,-0.21643
0.82781,0.033425
0.77193,0.0025096
0.6352,-0.073143
0.86244,0.052587
0.2038,-0.31184
0.78925,0.012091
0.76994,0.0014101
0.43839,-0.18204
0.39773,-0.20453
0.7141,-0.02949
0.84931,0.045325
0.11216,-0.36254
0.36034,-0.22523
0.87607,0.060132
0.01915,-0.414
0.60515,-0.08977
0.56057,-0.11444
0.85537,0.048679
0.95432,0.10343
0.62431,-0.079168
0.99725,0.12718
0.97428,0.11447
0.2336,-0.29535
0.58524,-0.10079
0.89626,0.071303
0.69515,-0.039976
0.19988,-0.314
0.13831,-0.34807
0.64639,-0.066953
0.034247,-0.40565
0.29418,-0.26183
0.50495,-0.14521
0.86556,0.054316
0.25092,-0.28577
0.94422,0.097837
0.049229,-0.39736
0.31401,-0.25086
0.78579,0.010179
0.17886,-0.32564
0.091455,-0.374
0.66725,-0.055408
0.77161,0.0023333
0.38245,-0.21299
0.27165,-0.27429
0.85214,0.046892
0.4368,-0.18292
0.1304,-0.35245
0.75728,-0.0055942
0.46574,-0.1669
0.48849,-0.15432
0.78946,0.012209
0.77325,0.0032372
0.38622,-0.21091
0.9016,0.074255
0.87639,0.060307
0.74797,-0.010749
0.95282,0.10259
0.14286,-0.34556
0.23605,-0.29399
0.31352,-0.25113
0.44732,-0.1771
0.57585,-0.10598
0.4767,-0.16084
0.77368,0.0034766
0.74699,-0.011288
0.64014,-0.070409
0.26692,-0.27691
0.66908,-0.054399
0.27564,-0.27209
0.30141,-0.25783
0.85419,0.048024
0.33494,-0.23928
0.32462,-0.24499
0.94711,0.099436
0.97226,0.11335
0.32291,-0.24593
0.27309,-0.2735
0.73355,-0.018726
0.8523,0.046979
0.22993,-0.29738
0.24934,-0.28664
0.15336,-0.33975
0.65988,-0.059491
0.12262,-0.35675
0.99037,0.12337
0.29093,-0.26363
0.37523,-0.21699
0.58754,-0.099514
0.42454,-0.1897
0.78734,0.011038
0.65402,-0.062729
0.058691,-0.39213
0.029763,-0.40813
0.99282,0.12473
0.27755,-0.27103
0.45107,-0.17502
0.092353,-0.3735
0.97997,0.11762
0.28807,-0.26521
0.4814,-0.15824
0.17203,-0.32941
0.30038,-0.2584
0.8982,0.072374
0.57894,-0.10427
0.40259,-0.20185
0.25032,-0.2861
0.65912,-0.059909
0.42776,-0.18792
0.98479,0.12029
0.65186,-0.063926
0.80264,0.0195
0.044395,-0.40004
0.60997,-0.087103
0.94686,0.099298
0.8233,0.030934
0.19018,-0.31937
0.33021,-0.2419
0.082319,-0.37905
0.21339,-0.30653
0.81282,0.025136
0.15188,-0.34056
0.72268,-0.02474
0.41297,-0.19611
0.37993,-0.21438
0.28884,-0.26479
0.28806,-0.26522
0.8606,0.051568
0.98127,0.11834
0.49224,-0.15225
0.92958,0.089737
0.95804,0.10548
0.93799,0.094388
0.71322,-0.029973
0.13291,-0.35106
0.17612,-0.32715
0.93277,0.091501
0.74983,-0.0097173
0.1001,-0.36921
0.64738,-0.066404
0.60994,-0.087122
0.37067,-0.21951
0.42136,-0.19146
0.45735,-0.17155
0.11595,-0.36045
0.054849,-0.39425
0.54044,-0.12557
0.17308,-0.32883
0.81552,0.026626
0.35694,-0.22711
0.87018,0.05687
0.35448,-0.22847
0.1156,-0.36064
0.7686,0.00066787
0.31768,-0.24883
0.21827,-0.30383
0.84232,0.041455
0.62448,-0.079073
0.57551,-0.10617
0.77468,0.0040299
0.41899,-0.19277
0.44516,-0.17829
0.17783,-0.32621
0.63689,-0.072208
0.075039,-0.38308
0.89196,0.068922
0.56852,-0.11004
0.17492,-0.32782
0.61884,-0.082198
0.68997,-0.04284
0.90441,0.075811
0.78185,0.0079966
0.72569,-0.023076
0.19166,-0.31856
0.41012,-0.19768
0.91351,0.080845
0.75939,-0.0044281
0.038643,-0.40322
0.94223,0.096734
0.413,-0.19609
0.35277,-0.22941
0.83542,0.037637
0.43757,-0.18249
0.14491,-0.34442
0.69818,-0.038298
0.53486,-0.12866
0.67245,-0.052534
0.7999,0.017985
0.41653,-0.19414
0.4514,-0.17484
0.79246,0.013869
0.53988,-0.12589
0.83101,0.035199
0.92174,0.085399
0.89648,0.07142
0.51028,-0.14226
0.37935,-0.21471
0.096569,-0.37117
0.9136,0.080895
0.93466,0.092545
0.94854,0.10022
0.15844,-0.33693
0.70304,-0.035609
0.64737,-0.066409
0.79196,0.013594
0.90723,0.077371
0.80106,0.018625
0.86416,0.053541
0.9808,0.11808
0.4442,-0.17883
0.7463,-0.011673
0.72466,-0.023644
0.47077,-0.16412
0.33089,-0.24152
0.78546,0.0099943
0.17785,-0.3262
0.79832,0.017109
0.12096,-0.35768
0.13855,-0.34794
0.64802,-0.066048
0.64483,-0.067814
0.14968,-0.34178
0.31805,-0.24863
0.43666,-0.18299
0.10166,-0.36835
0.1724,-0.32921
0.17445,-0.32808
0.80975,0.023434
0.27755,-0.27103
0.041815,-0.40146
0.63274,-0.074504
0.10151,-0.36844
0.77234,0.0027339
0.99706,0.12707
0.59835,-0.093534
0.65668,-0.061256
0.44046,-0.18089
0.040796,-0.40203
0.11082,-0.36328
0.23805,-0.29289
0.74096,-0.014629
0.26234,-0.27945
0.32534,-0.24459
0.17107,-0.32995
0.5354,-0.12837
0.13946,-0.34744
0.11363,-0.36173
0.88236,0.063612
0.871,0.057326
0.24781,-0.28749
0.09685,-0.37101
0.71856,-0.027022
0.13226,-0.35142
0.8259,0.032369
0.35017,-0.23085
0.56705,-0.11085
0.93787,0.094322
0.96434,0.10897
0.066244,-0.38795
0.73897,-0.015727
0.37644,-0.21631
0.07244,-0.38452
0.24515,-0.28896
0.94324,0.097296
0.22899,-0.2979
0.29168,-0.26321
0.25814,-0.28177
0.65842,-0.060297
0.75423,-0.0072851
0.27226,-0.27396
0.81763,0.027794
0.65525,-0.062048
0.80656,0.021672
0.34495,-0.23374
0.60073,-0.092217
0.94841,0.10016
0.011288,-0.41835
0.52095,-0.13636
0.965,0.10933
0.58718,-0.099711
0.2141,-0.30614
0.86995,0.056745
0.62185,-0.080533
0.90878,0.078226
0.36822,-0.22086
0.99187,0.1242
0.74651,-0.011558
0.98056,0.11795
0.37611,-0.2165
0.94946,0.10074
0.99095,0.12369
0.24154,-0.29095
0.25215,-0.28508
0.64058,-0.070169
0.37876,-0.21503
0.90039,0.073585
0.22709,-0.29895
0.47813,-0.16005
0.28323,-0.26789
0.014151,-0.41677
0.66104,-0.058849
0.69489,-0.04012
0.1727,-0.32905
0.78241,0.0083089
0.5521,-0.11912
0.36419,-0.22309
0.095335,-0.37185
0.44426,-0.17879
0.57344,-0.10732
0.57083,-0.10876
0.12246,-0.35684
0.98855,0.12237
0.32504,-0.24476
0.18519,-0.32214
0.16904,-0.33107
0.77191,0.0024956
0.091883,-0.37376
0.47887,-0.15964
0.76434,-0.0016893
0.025696,-0.41038
0.77659,0.0050872
0.32257,-0.24612
0.71232,-0.030472
0.29557,-0.26106
0.94965,0.10084
0.5842,-0.10136
0.42756,-0.18803
0.7715,0.002273
0.18088,-0.32452
0.19632,-0.31598
0.20585,-0.31071
0.81581,0.026786
0.58116,-0.10304
0.49901,-0.1485
0.72729,-0.022193
0.31036,-0.25288
0.90899,0.078346
0.6235,-0.07962
0.41942,-0.19253
0.12711,-0.35427
0.80736,0.022114
0.32229,-0.24628
0.26057,-0.28043
0.012004,-0.41796
0.70895,-0.032341
0.075043,-0.38308
0.19834,-0.31486
0.71434,-0.029353
0.94874,0.10034
0.34335,-0.23462
0.3622,-0.2242
0.84811,0.044659
0.93994,0.09547
0.15676,-0.33786
0.23259,-0.29591
0.41724,-0.19374
0.98209,0.11879
0.5359,-0.12809
0.29134,-0.2634
0.54537,-0.12285
0.5912,-0.097487
0.82614,0.032506
0.731,-0.020139
0.24916,-0.28674
0.80742,0.022144
0.37958,-0.21458
0.81342,0.025466
0.97265,0.11357
0.81205,0.024707
0.90529,0.076295
0.95336,0.10289
0.78379,0.0090735
0.15315,-0.33986
0.46658,-0.16644
0.79671,0.016218
0.5659,-0.11149
0.89621,0.071273
0.25482,-0.28361
0.36986,-0.21996
0.014364,-0.41665
0.38033,-0.21417
0.83292,0.036257
0.91594,0.082192
0.7892,0.012067
0.29492,-0.26142
0.82505,0.031898
0.207,-0.31007
0.25776,-0.28198
0.5204,-0.13666
0.66897,-0.054457
0.25094,-0.28576
0.94657,0.099135
0.6183,-0.082493
0.53323,-0.12956
0.98036,0.11783
0.48381,-0.15691
0.53492,-0.12863
0.7204,-0.026002
0.3397,-0.23664
0.83516,0.037496
0.064879,-0.3887
0.87235,0.058074
0.36506,-0.22261
0.62779,-0.077242
0.80027,0.01819
0.12125,-0.35751
0.98162,0.11853
0.027923,-0.40915
0.21097,-0.30787
0.48905,-0.15401
0.48266,-0.15755
0.40765,-0.19905
0.15219,-0.34039
0.73612,-0.017302
0.22813,-0.29838
0.14456,-0.34461
0.50326,-0.14615
0.10039,-0.36905
0.67983,-0.048451
0.34648,-0.23289
0.83147,0.035453
0.065289,-0.38848
0.60355,-0.090657
0.42999,-0.18669
0.67724,-0.049883
0.99341,0.12505
0.83241,0.035975
0.089895,-0.37486
0.66103,-0.058851
0.73318,-0.018931
0.15047,-0.34135
0.16531,-0.33313
0.97339,0.11398
0.8503,0.045869
0.76284,-0.0025197
0.9044,0.075803
0.87455,0.059286
0.11284,-0.36217
0.54387,-0.12368
0.077115,-0.38193
0.29381,-0.26204
0.66146,-0.058617
0.091136,-0.37417
0.19212,-0.3183
0.72755,-0.022048
0.75871,-0.0048039
0.54263,-0.12436
0.86958,0.056537
0.83035,0.034832
0.85734,0.049768
0.56702,-0.11087
